{"cameraMode":{"drawMode":0,"name":"Shaded","section":"Shading Mode"},"sceneLighting":false,"audioPlay":false,"sceneViewState":{"m_AlwaysRefresh":false,"showFog":true,"showSkybox":false,"showFlares":true,"showImageEffects":true,"showParticleSystems":true,"showVisualEffectGraphs":true,"m_FxEnabled":true},"in2DMode":false,"pivot":{"x":-10.414680480957032,"y":6.680139541625977,"z":-5.3360137939453129},"rotation":{"x":-0.0008442340767942369,"y":-0.994888424873352,"z":0.10063521564006806,"w":-0.008351349271833897},"size":52.09096908569336,"orthographic":false}