{"cameraMode":{"drawMode":0,"name":"Shaded","section":"Shading Mode"},"sceneLighting":false,"audioPlay":false,"sceneViewState":{"m_AlwaysRefresh":false,"showFog":true,"showSkybox":false,"showFlares":true,"showImageEffects":true,"showParticleSystems":true,"showVisualEffectGraphs":true,"m_FxEnabled":true},"in2DMode":false,"pivot":{"x":0.09297096729278565,"y":1.2439347505569459,"z":0.19650816917419434},"rotation":{"x":0.06570114940404892,"y":-0.1295381337404251,"z":0.008596844039857388,"w":0.9893693327903748},"size":2.017839193344116,"orthographic":false}