{"cameraMode":{"drawMode":0,"name":"Shaded","section":"Shading Mode"},"sceneLighting":false,"audioPlay":false,"sceneViewState":{"m_AlwaysRefresh":false,"showFog":true,"showSkybox":false,"showFlares":true,"showImageEffects":true,"showParticleSystems":true,"showVisualEffectGraphs":true,"m_FxEnabled":true},"in2DMode":false,"pivot":{"x":-0.33744484186172488,"y":1.468611717224121,"z":-0.06859970092773438},"rotation":{"x":-0.0014716844307258726,"y":-0.9982184767723084,"z":0.05276430398225784,"w":-0.027851568534970285},"size":1.3027968406677247,"orthographic":false}