{"cameraMode":{"drawMode":0,"name":"Shaded","section":"Shading Mode"},"sceneLighting":true,"audioPlay":false,"sceneViewState":{"m_AlwaysRefresh":false,"showFog":true,"showSkybox":true,"showFlares":true,"showImageEffects":true,"showParticleSystems":true,"showVisualEffectGraphs":true,"m_FxEnabled":true},"in2DMode":false,"pivot":{"x":521.632568359375,"y":15.568379402160645,"z":392.9555358886719},"rotation":{"x":0.07866679131984711,"y":0.06251545250415802,"z":-0.005057352129369974,"w":0.9949464201927185},"size":41.94541931152344,"orthographic":false}