{"cameraMode":{"drawMode":0,"name":"Shaded","section":"Shading Mode"},"sceneLighting":true,"audioPlay":false,"sceneViewState":{"m_AlwaysRefresh":false,"showFog":true,"showSkybox":true,"showFlares":true,"showImageEffects":true,"showParticleSystems":true,"showVisualEffectGraphs":true,"m_FxEnabled":true},"in2DMode":false,"pivot":{"x":559.3245849609375,"y":11.410614013671875,"z":444.3112487792969},"rotation":{"x":0.008285571821033955,"y":0.9885374903678894,"z":0.05907963588833809,"w":-0.13888205587863923},"size":15.918943405151368,"orthographic":false}