{"cameraMode":{"drawMode":0,"name":"Shaded","section":"Shading Mode"},"sceneLighting":false,"audioPlay":false,"sceneViewState":{"m_AlwaysRefresh":false,"showFog":true,"showSkybox":false,"showFlares":true,"showImageEffects":true,"showParticleSystems":true,"showVisualEffectGraphs":true,"m_FxEnabled":true},"in2DMode":false,"pivot":{"x":-0.0003248179273214191,"y":2.000100612640381,"z":0.0017285350477322937},"rotation":{"x":-0.0008442340767942369,"y":-0.994888424873352,"z":0.10063521564006806,"w":-0.008351349271833897},"size":0.0018641481874510646,"orthographic":false}