{"cameraMode":{"drawMode":0,"name":"Shaded","section":"Shading Mode"},"sceneLighting":false,"audioPlay":false,"sceneViewState":{"m_AlwaysRefresh":false,"showFog":true,"showSkybox":true,"showFlares":true,"showImageEffects":true,"showParticleSystems":true,"showVisualEffectGraphs":true,"m_FxEnabled":true},"in2DMode":false,"pivot":{"x":582.7743530273438,"y":105.84659576416016,"z":726.3629760742188},"rotation":{"x":0.010810812935233117,"y":0.012634587474167347,"z":0.0000017416670061720652,"w":0.9999412894248962},"size":185.69479370117188,"orthographic":false}