{"cameraMode":{"drawMode":0,"name":"Shaded","section":"Shading Mode"},"sceneLighting":true,"audioPlay":false,"sceneViewState":{"m_AlwaysRefresh":false,"showFog":true,"showSkybox":true,"showFlares":true,"showImageEffects":true,"showParticleSystems":true,"showVisualEffectGraphs":true,"m_FxEnabled":true},"in2DMode":false,"pivot":{"x":530.0615844726563,"y":12.491878509521485,"z":427.2928466796875},"rotation":{"x":0.08091374486684799,"y":-0.014313263818621636,"z":0.0011514602228999138,"w":0.9966306686401367},"size":14.947860717773438,"orthographic":false}