{"cameraMode":{"drawMode":0,"name":"Shaded","section":"Shading Mode"},"sceneLighting":false,"audioPlay":false,"sceneViewState":{"m_AlwaysRefresh":false,"showFog":true,"showSkybox":false,"showFlares":true,"showImageEffects":true,"showParticleSystems":true,"showVisualEffectGraphs":true,"m_FxEnabled":true},"in2DMode":false,"pivot":{"x":-0.23228836059570313,"y":1.8583745956420899,"z":-0.2573871612548828},"rotation":{"x":0.1591772586107254,"y":0.026072191074490548,"z":-0.004214083775877953,"w":0.9869205355644226},"size":1.4297282695770264,"orthographic":false}