{"cameraMode":{"drawMode":0,"name":"Shaded","section":"Shading Mode"},"sceneLighting":true,"audioPlay":false,"sceneViewState":{"m_AlwaysRefresh":false,"showFog":true,"showSkybox":true,"showFlares":true,"showImageEffects":true,"showParticleSystems":true,"showVisualEffectGraphs":true,"m_FxEnabled":true},"in2DMode":false,"pivot":{"x":499.28338623046877,"y":2.1229021549224855,"z":410.7115478515625},"rotation":{"x":-0.07973070442676544,"y":-0.014799300581216812,"z":0.0015320765087381006,"w":-0.9969584941864014},"size":3.786616325378418,"orthographic":false}