{"cameraMode":{"drawMode":0,"name":"Shaded","section":"Shading Mode"},"sceneLighting":true,"audioPlay":false,"sceneViewState":{"m_AlwaysRefresh":false,"showFog":true,"showSkybox":true,"showFlares":true,"showImageEffects":true,"showParticleSystems":true,"showVisualEffectGraphs":true,"m_FxEnabled":true},"in2DMode":false,"pivot":{"x":508.47247314453127,"y":-8.236294746398926,"z":376.9344482421875},"rotation":{"x":0.014055215753614903,"y":0.9858893156051636,"z":-0.12222311645746231,"w":0.11574316769838333},"size":32.86887741088867,"orthographic":false}