{"cameraMode":{"drawMode":0,"name":"Shaded","section":"Shading Mode"},"sceneLighting":true,"audioPlay":false,"sceneViewState":{"m_AlwaysRefresh":false,"showFog":true,"showSkybox":false,"showFlares":true,"showImageEffects":true,"showParticleSystems":true,"showVisualEffectGraphs":true,"m_FxEnabled":true},"in2DMode":false,"pivot":{"x":3.7633566856384279,"y":0.5063984394073486,"z":3.4645352363586427},"rotation":{"x":0.08658730983734131,"y":0.01768890768289566,"z":-0.0015492283273488284,"w":0.9960957169532776},"size":11.563368797302246,"orthographic":false}